{
	"lights": [
		{
			"satinCol": [
				0.682352941176471,
				0.0745098039215686,
				0.47843137254902,
				0.579710144927536
			],
			"innerCol": [
				0.341176470588235,
				0.505882352941176,
				1,
				1
			],
			"overlayCol": [
				1,
				0,
				0.815686274509804,
				1
			],
			"angle": 4.41644184635087,
			"dist": 50,
			"name": "bf"
		},
		{
			"satinCol": [
				0,
				0,
				0,
				1
			],
			"innerCol": [
				0.890196078431372,
				0.866666666666667,
				0.219607843137255,
				0.0181159420289855
			],
			"overlayCol": [
				1,
				0.933333333333333,
				0,
				0.0144927536231884
			],
			"angle": 2.27541563716333e-05,
			"dist": 14.4927536231884,
			"name": "dad"
		},
		{
			"satinCol": [
				0.317647058823529,
				0.745098039215686,
				0.650980392156863,
				0.528985507246377
			],
			"innerCol": [
				1,
				1,
				1,
				1
			],
			"overlayCol": [
				1,
				0.980392156862745,
				0.588235294117647,
				0.710144927536232
			],
			"angle": 4.39367668219442,
			"dist": 50,
			"name": "gf"
		}
	]
}