{
	"lights": [
		{
			"satinCol": [
				0,
				0,
				0,
				0.0652173913043478
			],
			"innerCol": [
				0.890196078431372,
				0.866666666666667,
				0.219607843137255,
				0.0181159420289855
			],
			"overlayCol": [
				1,
				0.933333333333333,
				0,
				0.0144927536231884
			],
			"angle": 0,
			"dist": 14.4927536231884,
			"name": "bf"
		},
		{
			"satinCol": [
				0,
				0,
				0,
				0.0652173913043478
			],
			"innerCol": [
				0.890196078431372,
				0.866666666666667,
				0.219607843137255,
				0.0181159420289855
			],
			"overlayCol": [
				1,
				0.933333333333333,
				0,
				0.0144927536231884
			],
			"angle": 0.0013037171264753,
			"dist": 14.4927536231884,
			"name": "dad"
		},
		{
			"satinCol": [
				0,
				0,
				0,
				0.0652173913043478
			],
			"innerCol": [
				0.890196078431372,
				0.866666666666667,
				0.219607843137255,
				0.0181159420289855
			],
			"overlayCol": [
				1,
				0.933333333333333,
				0,
				0.0144927536231884
			],
			"angle": 0,
			"dist": 14.4927536231884,
			"name": "gf"
		}
	]
}