{
	"lights": [
		{
			"satinCol": [
				0,
				0,
				0,
				0.0652173913043478
			],
			"innerCol": [
				0.890196078431372,
				0.866666666666667,
				0.219607843137255,
				0.0181159420289855
			],
			"overlayCol": [
				1,
				0.933333333333333,
				0,
				0.0144927536231884
			],
			"angle": 0,
			"dist": 14.4927536231884,
			"name": "bf"
		},
		{
			"satinCol": [
				1,
				1,
				1,
				0.159420289855072
			],
			"innerCol": [
				1,
				1,
				1,
				0.0471014492753623
			],
			"overlayCol": [
				1,
				1,
				1,
				0.11231884057971
			],
			"angle": 4.41644184635087,
			"dist": 35.1449275362319,
			"name": "dad"
		},
		{
			"satinCol": [
				0,
				0,
				0,
				0.0652173913043478
			],
			"innerCol": [
				0.890196078431372,
				0.866666666666667,
				0.219607843137255,
				0.0181159420289855
			],
			"overlayCol": [
				1,
				0.933333333333333,
				0,
				0.0144927536231884
			],
			"angle": 0,
			"dist": 14.4927536231884,
			"name": "gf"
		}
	]
}